,index,Overs,Runs,Wkts,Econ,Inns,Opposition,Ground,Start Date,Type,Avg_Eco,Wkts-1,Runs-1,Overs-1
0,5,4.2,28,0,6.46,2,KXI,Dubai,2020-10-20,IPL,0.0,0,0,0.0
1,4,4.3,37,0,8.22,1,RCB,Abu Dhabi,2020-11-02,IPL,6.46,0,28,4.2
2,6,4.0,44,0,11.0,1,MI,Dubai,2020-11-05,IPL,7.34,0,37,4.3
3,0,3.4,41,1,11.18,2,India,Sydney,2020-12-06,T20I,8.56,0,44,4.0
4,1,2.0,29,0,14.5,2,India,Sydney,2020-12-08,T20I,9.22,1,41,3.4
5,2,4.0,40,2,10.0,1,New Zealand,Christchurch,2021-02-22,T20I,10.27,0,29,2.0
6,3,4.0,46,1,11.5,1,New Zealand,Dunedin,2021-02-25,T20I,10.98,2,40,4.0
