,index,Overs,Runs,Wkts,Econ,Inns,Opposition,Ground,Start Date,Type,Avg_Eco,Wkts-1,Runs-1,Overs-1
0,0,3.0,24,1,8.0,2,Sri Lanka,Geelong,2017-02-19,T20I,0.0,0,0,0.0
1,1,3.0,38,1,12.66,2,Sri Lanka,Adelaide,2017-02-22,T20I,8.0,1,24,3.0
2,2,4.0,22,1,5.5,1,Pakistan,Harare,2018-07-02,T20I,10.33,1,38,3.0
3,3,4.0,23,1,5.75,2,Zimbabwe,Harare,2018-07-03,T20I,8.72,1,22,4.0
4,4,4.0,43,2,10.75,1,Pakistan,Harare,2018-07-05,T20I,7.98,1,23,4.0
5,5,4.0,32,2,8.0,1,Zimbabwe,Harare,2018-07-06,T20I,8.53,2,43,4.0
6,6,4.0,29,1,7.25,2,Pakistan,Harare,2018-07-08,T20I,8.53,2,32,4.0
7,7,4.0,31,0,7.75,1,India,Visakhapatnam,2019-02-24,T20I,7.45,1,29,4.0
8,8,4.0,45,0,11.25,1,India,Bengaluru,2019-02-27,T20I,7.9,0,31,4.0
9,9,4.0,31,2,7.75,1,New Zealand,Christchurch,2021-02-22,T20I,9.0,0,45,4.0
10,10,4.0,39,1,9.75,1,New Zealand,Dunedin,2021-02-25,T20I,8.4,2,31,4.0
11,11,3.0,34,0,11.33,2,New Zealand,Wellington,2021-03-03,T20I,8.75,1,39,4.0
12,12,2.0,16,0,8.0,2,New Zealand,Wellington,2021-03-05,T20I,9.57,0,34,3.0
13,13,3.0,19,1,6.33,2,New Zealand,Wellington,2021-03-07,T20I,9.62,0,16,2.0
