,index,Overs,Runs,Wkts,Econ,Inns,Opposition,Ground,Start Date,Type,Avg_Eco,Wkts-1,Runs-1,Overs-1
0,0,4.0,36,1,9.0,1,West Indies,Brisbane,2013-02-13,T20I,0.0,0,0,0.0
1,1,4.0,43,2,10.75,2,England,Southampton,2013-08-29,T20I,9.0,1,36,4.0
2,2,4.0,46,0,11.5,2,England,Hobart,2014-01-29,T20I,9.88,2,43,4.0
3,3,4.0,30,4,7.5,1,England,Melbourne,2014-01-31,T20I,10.42,0,46,4.0
4,4,4.0,50,0,12.5,1,South Africa,Johannesburg,2016-03-06,T20I,9.69,4,30,4.0
5,5,4.0,26,1,6.5,2,Pakistan,Mohali,2016-03-25,T20I,10.25,0,50,4.0
6,6,4.0,38,0,9.5,2,India,Mohali,2016-03-27,T20I,9.75,1,26,4.0
7,7,4.0,23,1,5.75,1,England,Southampton,2020-09-08,T20I,9.5,0,38,4.0
8,11,4.1,27,0,6.48,1,DC,Dubai,2020-09-25,IPL,8.35,1,23,4.0
9,10,4.0,19,1,4.75,2,RR,Abu Dhabi,2020-10-19,IPL,8.15,0,27,4.1
10,9,2.0,17,0,8.5,2,MI,Sharjah,2020-10-23,IPL,6.6,1,19,4.0
11,8,4.0,39,0,9.75,1,India,Canberra,2020-12-04,T20I,7.0,0,17,2.0
