,index,Overs,Runs,Wkts,Econ,Inns,Opposition,Ground,Start Date,Type,Avg_Eco,Wkts-1,Runs-1,Overs-1
0,0,3.0,26,0,8.66,1,West Indies,Auckland,2020-11-27,T20I,0.0,0,0,0.0
1,1,4.0,15,2,3.75,2,West Indies,Mount Maunganui,2020-11-29,T20I,8.66,0,26,3.0
2,2,4.0,43,0,10.75,1,Pakistan,Hamilton,2020-12-20,T20I,6.2,2,15,4.0
3,3,2.4,22,1,8.25,2,Pakistan,Napier,2020-12-22,T20I,7.72,0,43,4.0
4,4,3.0,32,1,10.66,2,Australia,Christchurch,2021-02-22,T20I,7.85,1,22,2.4
5,5,4.0,56,0,14.0,2,Australia,Dunedin,2021-02-25,T20I,8.41,1,32,3.0
6,6,4.0,38,0,9.5,1,Australia,Wellington,2021-03-03,T20I,9.48,0,56,4.0
7,7,4.0,49,0,12.25,1,Australia,Wellington,2021-03-05,T20I,10.63,0,38,4.0
