,index,Overs,Runs,Wkts,Econ,Inns,Opposition,Ground,Start Date,Type,Avg_Eco,Wkts-1,Runs-1,Overs-1
0,0,1.0,6,1,6.0,1,Zimbabwe,Auckland,2012-02-11,T20I,0.0,0,0,0.0
1,1,2.0,16,0,8.0,1,Zimbabwe,Hamilton,2012-02-14,T20I,6.0,1,6,1.0
2,2,2.0,27,0,13.5,1,South Africa,Wellington,2012-02-17,T20I,7.0,0,16,2.0
3,3,1.4,21,1,12.6,1,West Indies,Lauderhill,2012-06-30,T20I,9.17,0,27,2.0
4,4,1.0,13,0,13.0,1,South Africa,Chattogram,2014-03-24,T20I,10.02,1,21,1.4
5,5,1.0,17,0,17.0,1,Netherlands,Chattogram,2014-03-29,T20I,10.62,0,13,1.0
6,6,2.0,11,1,5.5,1,West Indies,Roseau,2014-07-06,T20I,12.82,0,17,1.0
7,7,1.0,9,0,9.0,2,South Africa,Durban,2015-08-14,T20I,12.32,1,11,2.0
8,8,1.0,3,0,3.0,2,Australia,Dharamsala,2016-03-18,T20I,11.42,0,9,1.0
9,12,1.0,7,0,7.0,1,KKR,Kolkata,2016-05-22,IPL,9.5,0,3,1.0
10,9,4.0,16,2,4.0,2,Bangladesh,Mount Maunganui,2017-01-06,T20I,8.3,0,7,1.0
11,10,2.0,9,1,4.5,2,Bangladesh,Mount Maunganui,2017-01-08,T20I,5.7,2,16,4.0
12,11,1.0,16,0,16.0,1,England,Hamilton,2018-02-18,T20I,5.5,1,9,2.0
13,13,2.0,24,0,12.0,1,MI,Sharjah,2020-10-04,IPL,6.9,0,16,1.0
