,index,Overs,Runs,Wkts,Econ,Inns,Opposition,Ground,Start Date,Type,Avg_Eco,Wkts-1,Runs-1,Overs-1
0,0,4.0,34,2,8.5,2,Pakistan,Melbourne,2010-02-05,T20I,0.0,0,0,0.0
1,1,3.0,23,0,7.66,2,West Indies,Hobart,2010-02-21,T20I,8.5,2,34,4.0
2,2,1.0,13,0,13.0,1,West Indies,Sydney,2010-02-23,T20I,8.08,0,23,3.0
3,3,2.0,9,0,4.5,1,New Zealand,Wellington,2010-02-26,T20I,9.72,0,13,1.0
4,4,3.0,24,1,8.0,1,New Zealand,Christchurch,2010-02-28,T20I,8.41,0,9,2.0
5,5,2.0,24,1,12.0,2,Pakistan,Gros Islet,2010-05-02,T20I,8.33,1,24,3.0
6,6,4.0,29,2,7.25,2,Bangladesh,Bridgetown,2010-05-05,T20I,9.03,1,24,2.0
7,7,4.0,34,1,8.5,2,India,Bridgetown,2010-05-07,T20I,8.95,2,29,4.0
8,8,4.0,12,2,3.0,2,Sri Lanka,Bridgetown,2010-05-09,T20I,8.05,1,34,4.0
9,9,4.0,20,3,5.0,1,West Indies,Gros Islet,2010-05-11,T20I,7.75,2,12,4.0
10,10,2.0,23,1,11.5,1,Pakistan,Gros Islet,2010-05-14,T20I,7.15,3,20,4.0
11,11,3.0,21,1,7.0,2,England,Bridgetown,2010-05-16,T20I,7.05,1,23,2.0
12,12,4.0,34,1,8.5,1,Pakistan,Birmingham,2010-07-05,T20I,7.0,1,21,3.0
13,13,2.3,33,1,13.2,2,Sri Lanka,Perth,2010-10-31,T20I,7.0,1,34,4.0
14,14,2.0,13,0,6.5,1,Sri Lanka,Pallekele,2011-08-06,T20I,9.04,1,33,2.3
15,15,3.0,27,1,9.0,1,Sri Lanka,Pallekele,2011-08-08,T20I,9.34,0,13,2.0
16,16,1.0,4,0,4.0,1,Pakistan,Dubai (DSC),2014-10-05,T20I,8.84,1,27,3.0
