,index,Runs,BF,SR,Out,Opposition,Ground,Start Date,Inns,Type,Runss,Avg_9,BF_Avg_9,Avg,BF-1,Runs-1,SR-1
0,0,0,1,0.0,1,Sri Lanka,Geelong,2017-02-19,1,T20I,0.0,0,0.0,0,0,0,0.0
1,1,6,2,300.0,0,Pakistan,Harare,2018-07-08,1,T20I,6.0,0,0.5,0,1,0,0.0
2,2,7,3,233.33,0,India,Visakhapatnam,2019-02-24,2,T20I,7.0,6,1.0,6,2,6,300.0
3,3,11,11,100.0,1,New Zealand,Christchurch,2021-02-22,2,T20I,11.0,13,1.5,13,3,7,233.33
4,4,4,1,400.0,0,New Zealand,Dunedin,2021-02-25,2,T20I,4.0,12,3.4,12,11,11,100.0
5,5,4,7,57.14,0,New Zealand,Wellington,2021-03-05,1,T20I,4.0,14,3.0,14,1,4,400.0
6,6,4,6,66.66,1,New Zealand,Wellington,2021-03-07,1,T20I,4.0,16,3.57,16,7,4,57.14
